{
  "notice": [{
    "id": 1,
    "points": 2,
    "question": "Najväčšia prípustná celková šírka vozidla vrátane nákladu je",
    "answers": [{
      "option": "a",
      "text": "5,00 m",
      "correct": true
    }, {
      "option": "b",
      "text": "2,55 m",
      "correct": false
    }, {
      "option": "c",
      "text": "3,55 m",
      "correct": false
    }]
  }, {
    "id": 2,
    "points": 2,
    "question": "Najväčšia prípustná celková prívesného vozíka za dvojkolesové vozidlo je"
  }, {
    "id": 3,
    "points": 2,
    "question": "Najväčšia prípustná celková dĺžka jednotlivého vozíka okrem návesu je"
  }, {
    "id": 4,
    "points": 2,
    "question": "Najväčšia prípustná celková dĺžka súpravy motorového vozidla s dvoma prívesmi alebo s návesom a jedným prívesom je"
  }, {
    "id": 5,
    "points": 2,
    "question": "Najväčšia prípustná celková dĺžka súpravy motorového vozidla s jedným prívesom je"
  }, {
    "id": 6,
    "points": 2,
    "question": "Najväčšia prípustná celková dĺžka súpravy ťahača s návesom je"
  }, {
    "id": 7,
    "points": 2,
    "question": "Najväčšia prípustná dĺžka prípojného vozidla za osobný automobil je"
  }, {
    "id": 8,
    "points": 2,
    "question": "Najväčšia prípustná dĺžka prípojného vozidla za dvojkolesové motorové vozidlo"
  }, {
    "id": 9,
    "points": 2,
    "question": "Reklamné fólie a fólie proti slnečnému žiareniu a tónovanie skiel na vozidlách kategórie M1 a N1 možno použiť"
  }, {
    "id": 10,
    "points": 2,
    "question": "Na vozidle možno používať iba pneumatiky"
  }]
}
