{
  "notice": [{
    "id": 1,
    "points": 2,
    "question": "Najväčšia prípustná celková šírka vozidla vrátane nákladu je",
    "knowledge": {
      "know": false,
      "starred": false
    },
    "answers": [{
      "text": "5,00 m",
      "correct": true
    }, {
      "text": "2,55 m",
      "correct": false
    }, {
      "text": "3,55 m",
      "correct": false
    }]
  }, {
    "id": 2,
    "points": 2,
    "question": "Najväčšia prípustná celková prívesného vozíka za dvojkolesové vozidlo je"
  }, {
    "id": 3,
    "points": 2,
    "question": "Najväčšia prípustná celková dĺžka jednotlivého vozíka okrem návesu je"
  }, {
    "id": 4,
    "points": 2,
    "question": "Najväčšia prípustná celková dĺžka súpravy motorového vozidla s dvoma prívesmi alebo s návesom a jedným prívesom je"
  }, {
    "id": 5,
    "points": 2,
    "question": "Najväčšia prípustná celková dĺžka súpravy motorového vozidla s jedným prívesom je"
  }, {
    "id": 6,
    "points": 2,
    "question": "Najväčšia prípustná celková dĺžka súpravy ťahača s návesom je"
  }, {
    "id": 7,
    "points": 2,
    "question": "Najväčšia prípustná dĺžka prípojného vozidla za osobný automobil je"
  }, {
    "id": 8,
    "points": 2,
    "question": "Najväčšia prípustná dĺžka prípojného vozidla za dvojkolesové motorové vozidlo"
  }]
}
