{
  "signs": [{
    "section": "Výstražné značky",
    "questions": [{
      "id": 1,
      "name": "Zákruta vpravo",
      "points": 2,
      "question": "Táto dopravná značka znamená:",
      "answers": [{
        "option": "a",
        "text": "Zákaz odbočovania vpravo,",
        "correct": false
      }, {
        "option": "b",
        "text": "Zákruta vpravo,",
        "correct": true
      }, {
        "option": "c",
        "text": "Nebezpečné stúpanie.",
        "correct": false
      }],
      "image": {
        "src": "img/signs/A1a.svg",
        "imgType": "triangle"
      }
    }, {
      "id": 2,
      "name": "Zákruta vľavo",
      "points": 2,
      "question": "Táto dopravná značka znamená:",
      "answers": [{
        "option": "a",
        "text": "Zákruta vľavo,",
        "correct": true
      }, {
        "option": "b",
        "text": "Nebezpečné stúpanie,",
        "correct": false
      }, {
        "option": "c",
        "text": "Zákaz odboćovania vľavo,",
        "correct": false
      }],
      "image": {
        "src": "img/signs/A1b.svg",
        "imgType": "triangle"
      }
    }, {
      "id": 3,
      "name": "Dvojitá zákruta, prvá vpravo",
      "points": 2,
      "image": {
        "src": "img/signs/A2a.svg",
        "imgType": "triangle"
      }
    }, {
      "id": 4,
      "name": "Dvojitá zákruta, prvá vľavo",
      "points": 2,
      "image": {
        "src": "img/signs/A2b.svg",
        "imgType": "triangle"
      }
    }, {
      "id": 5,
      "name": "Zákruty v úseku 2 km, prvá vpravo",
      "points": 2,
      "image": {
        "src": "img/signs/A2c.svg",
        "imgType": "triangle"
      }
    }, {
      "id": 6,
      "name": "Štyri zákruty, prvá vpravo",
      "points": 2,
      "image": {
        "src": "img/signs/A2d.svg",
        "imgType": "triangle"
      }
    }, {
      "id": 7,
      "name": "Nebezpečné klesanie",
      "points": 2,
      "image": {
        "src": "img/signs/A3a.svg",
        "imgType": "triangle"
      }
    }, {
      "id": 8,
      "name": "Nebezpečné stúpanie",
      "points": 2,
      "image": {
        "src": "img/signs/A3b.svg",
        "imgType": "triangle"
      }
    }, {
      "id": 9,
      "name": "zúžená vozovka z oboch strán",
      "points": 2,
      "image": {
        "src": "img/signs/A4a.svg",
        "imgType": "triangle"
      }
    }]
  }, {
    "section": "Zákazové značky",
    "questions": [{
      "id": 46,
      "name": "Zákaz vjazdu všetkých vozidiel (v oboch smeroch)",
      "points": 2,
      "question": "Táto dopravná značka platí:",
      "answers": [{
        "option": "a",
        "text": "len pre traktory s prívesom,",
        "correct": true
      }, {
        "option": "b",
        "text": "aj pre jednonápravové kultivačné traktory, motorové dopravné vozíky, motorové ručné vozíky, samohybné poľnohospodárske a lesné stroje a pojazdné pracovné stroje,",
        "correct": false
      }, {
        "option": "c",
        "text": "len pre traktory; neplatí však pre samohybné poľnohospodárske a lesné stroje.",
        "correct": false
      }],
      "image": {
        "src": "img/signs/B1.svg",
        "imgType": "circle"
      }
    }]
  }]
}
