{
  "situations": [{
    "section": "Jazda v jazdných pruhoch",
    "bundles": [{
      "points": 2,
      "knowledge": {
        "know": false,
        "starred": false
      },
      "image": {
        "src": "img/situations/situation_lanes_01.png"
      },
      "questions": [{
        "id": 1,
        "question": "Tam, kde sa dva jazdné pruhy zbiehajú do jedného pruhu tak, že nie je zrejmé, ktorý z nich je priebežný,",
        "answers": [{
          "option": "a",
          "text": "druhé,",
          "correct": false
        }, {
          "option": "b",
          "text": "posledné,",
          "correct": true
        }, {
          "option": "c",
          "text": "prvé.",
          "correct": false
        }],
        "image": {
          "src": "img/situations/situation_lanes_01.png"
        }
      }]
    }, {
      "image": {
        "src": "img/situations/situation_lanes_02.png"
      },
      "questions": [{
        "id": 2,
        "question": "Vodič modrého vozidla",
        "image": {
          "src": "img/situations/situation_lanes_02.png"
        }
      }]
    }, {
      "image": {
        "src": "img/situations/situation_lanes_03.png"
      },
      "questions": [{
        "id": 3,
        "question": "Vodič modrého vozidla"
      }, {
        "id": 4,
        "question": "Vozidlá prejdú okolo prekážky v tomto poradí"
      }, {
        "id": 5,
        "question": "V poradí druhé prejde okolo prekážky"
      }, {
        "id": 6,
        "question": "V poradí tretie prejde okolo prekážky"
      }]
    }, {
      "image": {
        "src": "img/situations/situation_lanes_04.png"
      },
      "questions": [{
        "id": 7,
        "question": "Vodič červeného vozidla"
      }, {
        "id": 8,
        "question": "V poradí druhé prejde okolo prekážky"
      }, {
        "id": 9,
        "question": "V poradí tretie prejde okolo prekážky"
      }]
    }]
  }, {
    "section": "Bez dopravných značiek",
    "bundles": [{
      "image": {
        "src": "img/situations/situation_nosigns_01.png"
      },
      "questions": [{
        "id": 10,
        "question": "Vaše vozidlo prejde cez križovatku ako"
      }]
    }]
  }]
}
